iteration,infinity norm,2-norm
1,45.000000,96.046864
2,44.437257,75.699813
3,22.536037,46.783808
4,14.108925,32.277783
5,12.294209,25.521906
6,8.825474,21.720334
7,8.812842,16.398668
8,11.368551,15.019776
9,7.987268,17.971960
10,9.160380,15.456303
11,6.828157,12.723191
12,3.819797,10.919354
13,4.441504,9.513732
14,1.555444,4.602563
15,0.998538,2.713012
16,1.179986,3.102560
17,0.812678,2.525338
18,0.219818,0.770900
19,0.007548,0.020967
